,Modification,Size,BPCY,WYIELD
0,{'KAF5827569_1': 0},1,0.0,0.0006779849717680398
1,{},0,0.0,0.0006457499999998768
