{
    "DM_photon490__chlo": 1.9515174262278645,
    "R06962__chlo": 1.29948821016099,
    "R06963__chlo": 1.2994880320687854,
    "DM_C08601__chlo": 1.213414030995041,
    "R08551__chlo": 1.2134140000656621,
    "T_CMPth__chlomem": 0.9968613342531185,
    "R02003__chlo": 0.9829587016727339,
    "R02061__chlo": 0.9829587015486402,
    "R01658__chlo": 0.9829587002236373,
    "R05636__chlo": 0.9811261290497285,
    "R05688__chlo": 0.9811261288778182,
    "R05633__chlo": 0.9811261288507853,
    "R05637__chlo": 0.9811261287377472,
    "R08689__chlo": 0.9811261287377472,
    "R05634__chlo": 0.9811261287377472,
    "T_CTPth__chlomem": 0.9803065141198722,
    "T_ASPth__chlomem": 0.9776657466199459,
    "R04780__chlo": 0.9421180910790052,
    "R01845__chlo": 0.938153734251346,
    "R01529__chlo": 0.8770831981309006,
    "R00024__chlo": 0.5206585139359179,
    "R01523__chlo": 0.5128681865070637,
    "R01512__chlo": 0.4156051289835943,
    "R01063__chlo": 0.4156051085821533,
    "R01829__chlo": 0.06906871353403923,
    "R01641__chlo": 0.06906871353330828,
    "R01070__chlo": 0.0,
    "R01830__chlo": 0.0
}