{
    "T_CTPth__chlomem": 2.1830987695539688,
    "R05634__chlo": 2.136149808187222,
    "R05688__chlo": 2.1361498081577026,
    "R05633__chlo": 2.1361498081384163,
    "R08689__chlo": 2.136149808121801,
    "R05637__chlo": 2.136149808108904,
    "R05636__chlo": 2.13614968773379,
    "R01658__chlo": 2.005115921737081,
    "R02003__chlo": 2.0051159211440024,
    "R05341__chlo": 1.8892181778493993,
    "R03824__chlo": 1.8892181296655388,
    "DM_C02094__chlo": 1.1969014302586582,
    "T_CMPth__chlomem": 1.1644364380839416,
    "T_ASPth__chlomem": 0.9776046142091137,
    "R04780__chlo": 0.9433567272046476,
    "R01845__chlo": 0.939266793034067,
    "R01529__chlo": 0.8781954278062977,
    "DM_photon490__chlo": 0.6758255784592316,
    "R01063__chlo": 0.5340986788687728,
    "R01512__chlo": 0.5340986777164488,
    "R00024__chlo": 0.5243002744535139,
    "R01523__chlo": 0.5146709888827606,
    "R01641__chlo": 0.07370881483429573,
    "R01829__chlo": 0.07370881482331389,
    "R01070__chlo": 0.0,
    "R01830__chlo": 0.0,
    "T_O2t__plas": 0.0
}